{
  "oneOf": [
    {
      "$ref": "Addressable.json"
    },
    {
      "$ref": "Addressable_FVO.json"
    },
    {
      "$ref": "Attachment.json"
    },
    {
      "$ref": "AttachmentRef.json"
    },
    {
      "$ref": "AttachmentRefOrValue.json"
    },
    {
      "$ref": "AttachmentRefOrValue_FVO.json"
    },
    {
      "$ref": "AttachmentRefOrValue_MVO.json"
    },
    {
      "$ref": "AttachmentRef_FVO.json"
    },
    {
      "$ref": "AttachmentRef_MVO.json"
    },
    {
      "$ref": "Attachment_FVO.json"
    },
    {
      "$ref": "Attachment_MVO.json"
    },
    {
      "$ref": "BaseEvent.json"
    },
    {
      "$ref": "BaseEvent_FVO.json"
    },
    {
      "$ref": "BaseEvent_MVO.json"
    },
    {
      "$ref": "BooleanArrayCharacteristic.json"
    },
    {
      "$ref": "BooleanArrayCharacteristicValueSpecification.json"
    },
    {
      "$ref": "BooleanArrayCharacteristicValueSpecification_FVO.json"
    },
    {
      "$ref": "BooleanArrayCharacteristicValueSpecification_MVO.json"
    },
    {
      "$ref": "BooleanArrayCharacteristic_FVO.json"
    },
    {
      "$ref": "BooleanArrayCharacteristic_MVO.json"
    },
    {
      "$ref": "BooleanCharacteristic.json"
    },
    {
      "$ref": "BooleanCharacteristicValueSpecification.json"
    },
    {
      "$ref": "BooleanCharacteristicValueSpecification_FVO.json"
    },
    {
      "$ref": "BooleanCharacteristicValueSpecification_MVO.json"
    },
    {
      "$ref": "BooleanCharacteristic_FVO.json"
    },
    {
      "$ref": "BooleanCharacteristic_MVO.json"
    },
    {
      "$ref": "ChannelRef.json"
    },
    {
      "$ref": "ChannelRef_FVO.json"
    },
    {
      "$ref": "ChannelRef_MVO.json"
    },
    {
      "$ref": "Characteristic.json"
    },
    {
      "$ref": "CharacteristicRelationship.json"
    },
    {
      "$ref": "CharacteristicRelationship_FVO.json"
    },
    {
      "$ref": "CharacteristicRelationship_MVO.json"
    },
    {
      "$ref": "CharacteristicSpecification.json"
    },
    {
      "$ref": "CharacteristicSpecificationRelationship.json"
    },
    {
      "$ref": "CharacteristicSpecificationRelationship_FVO.json"
    },
    {
      "$ref": "CharacteristicSpecificationRelationship_MVO.json"
    },
    {
      "$ref": "CharacteristicSpecification_FVO.json"
    },
    {
      "$ref": "CharacteristicSpecification_MVO.json"
    },
    {
      "$ref": "CharacteristicValueSpecification.json"
    },
    {
      "$ref": "CharacteristicValueSpecification_FVO.json"
    },
    {
      "$ref": "CharacteristicValueSpecification_MVO.json"
    },
    {
      "$ref": "Characteristic_FVO.json"
    },
    {
      "$ref": "Characteristic_MVO.json"
    },
    {
      "$ref": "ContactMedium.json"
    },
    {
      "$ref": "ContactMedium_FVO.json"
    },
    {
      "$ref": "ContactMedium_MVO.json"
    },
    {
      "$ref": "EmailContactMedium.json"
    },
    {
      "$ref": "Entity.json"
    },
    {
      "$ref": "EntityRef.json"
    },
    {
      "$ref": "EntityRef_FVO.json"
    },
    {
      "$ref": "Entity_FVO.json"
    },
    {
      "$ref": "Entity_MVO.json"
    },
    {
      "$ref": "Event.json"
    },
    {
      "$ref": "Event_FVO.json"
    },
    {
      "$ref": "Event_MVO.json"
    },
    {
      "$ref": "Extensible.json"
    },
    {
      "$ref": "Extensible_FVO.json"
    },
    {
      "$ref": "ExternalIdentifier.json"
    },
    {
      "$ref": "ExternalIdentifier_FVO.json"
    },
    {
      "$ref": "ExternalIdentifier_MVO.json"
    },
    {
      "$ref": "FaxContactMedium.json"
    },
    {
      "$ref": "FloatArrayCharacteristicValueSpecification.json"
    },
    {
      "$ref": "FloatArrayCharacteristicValueSpecification_FVO.json"
    },
    {
      "$ref": "FloatArrayCharacteristicValueSpecification_MVO.json"
    },
    {
      "$ref": "FloatCharacteristic.json"
    },
    {
      "$ref": "FloatCharacteristicValueSpecification.json"
    },
    {
      "$ref": "FloatCharacteristicValueSpecification_FVO.json"
    },
    {
      "$ref": "FloatCharacteristicValueSpecification_MVO.json"
    },
    {
      "$ref": "FloatCharacteristic_FVO.json"
    },
    {
      "$ref": "FloatCharacteristic_MVO.json"
    },
    {
      "$ref": "GeographicAddressContactMedium.json"
    },
    {
      "$ref": "GeographicAddressRef.json"
    },
    {
      "$ref": "GeographicAddressRef_FVO.json"
    },
    {
      "$ref": "GeographicAddressRef_MVO.json"
    },
    {
      "$ref": "IntegerArrayCharacteristic.json"
    },
    {
      "$ref": "IntegerArrayCharacteristicValueSpecification.json"
    },
    {
      "$ref": "IntegerArrayCharacteristicValueSpecification_FVO.json"
    },
    {
      "$ref": "IntegerArrayCharacteristicValueSpecification_MVO.json"
    },
    {
      "$ref": "IntegerArrayCharacteristic_FVO.json"
    },
    {
      "$ref": "IntegerArrayCharacteristic_MVO.json"
    },
    {
      "$ref": "IntegerCharacteristic.json"
    },
    {
      "$ref": "IntegerCharacteristicValueSpecification.json"
    },
    {
      "$ref": "IntegerCharacteristicValueSpecification_FVO.json"
    },
    {
      "$ref": "IntegerCharacteristicValueSpecification_MVO.json"
    },
    {
      "$ref": "IntegerCharacteristic_FVO.json"
    },
    {
      "$ref": "IntegerCharacteristic_MVO.json"
    },
    {
      "$ref": "JsonPatch.json"
    },
    {
      "$ref": "MapArrayCharacteristicValueSpecification.json"
    },
    {
      "$ref": "MapArrayCharacteristicValueSpecification_FVO.json"
    },
    {
      "$ref": "MapArrayCharacteristicValueSpecification_MVO.json"
    },
    {
      "$ref": "MapCharacteristicValueSpecification.json"
    },
    {
      "$ref": "MapCharacteristicValueSpecification_FVO.json"
    },
    {
      "$ref": "MapCharacteristicValueSpecification_MVO.json"
    },
    {
      "$ref": "Note.json"
    },
    {
      "$ref": "Note_FVO.json"
    },
    {
      "$ref": "Note_MVO.json"
    },
    {
      "$ref": "NumberArrayCharacteristic.json"
    },
    {
      "$ref": "NumberArrayCharacteristicValueSpecification.json"
    },
    {
      "$ref": "NumberArrayCharacteristicValueSpecification_FVO.json"
    },
    {
      "$ref": "NumberArrayCharacteristicValueSpecification_MVO.json"
    },
    {
      "$ref": "NumberArrayCharacteristic_FVO.json"
    },
    {
      "$ref": "NumberArrayCharacteristic_MVO.json"
    },
    {
      "$ref": "NumberCharacteristic.json"
    },
    {
      "$ref": "NumberCharacteristicValueSpecification.json"
    },
    {
      "$ref": "NumberCharacteristicValueSpecification_FVO.json"
    },
    {
      "$ref": "NumberCharacteristicValueSpecification_MVO.json"
    },
    {
      "$ref": "NumberCharacteristic_FVO.json"
    },
    {
      "$ref": "NumberCharacteristic_MVO.json"
    },
    {
      "$ref": "ObjectArrayCharacteristic.json"
    },
    {
      "$ref": "ObjectArrayCharacteristicValueSpecification.json"
    },
    {
      "$ref": "ObjectArrayCharacteristicValueSpecification_FVO.json"
    },
    {
      "$ref": "ObjectArrayCharacteristicValueSpecification_MVO.json"
    },
    {
      "$ref": "ObjectArrayCharacteristic_FVO.json"
    },
    {
      "$ref": "ObjectArrayCharacteristic_MVO.json"
    },
    {
      "$ref": "ObjectCharacteristic.json"
    },
    {
      "$ref": "ObjectCharacteristicValueSpecification.json"
    },
    {
      "$ref": "ObjectCharacteristicValueSpecification_FVO.json"
    },
    {
      "$ref": "ObjectCharacteristicValueSpecification_MVO.json"
    },
    {
      "$ref": "ObjectCharacteristic_FVO.json"
    },
    {
      "$ref": "ObjectCharacteristic_MVO.json"
    },
    {
      "$ref": "PartyRef.json"
    },
    {
      "$ref": "PartyRefOrPartyRoleRef.json"
    },
    {
      "$ref": "PartyRefOrPartyRoleRef_FVO.json"
    },
    {
      "$ref": "PartyRefOrPartyRoleRef_MVO.json"
    },
    {
      "$ref": "PartyRef_FVO.json"
    },
    {
      "$ref": "PartyRef_MVO.json"
    },
    {
      "$ref": "PartyRoleRef.json"
    },
    {
      "$ref": "PartyRoleRef_FVO.json"
    },
    {
      "$ref": "PartyRoleRef_MVO.json"
    },
    {
      "$ref": "PhoneContactMedium.json"
    },
    {
      "$ref": "Quantity.json"
    },
    {
      "$ref": "RelatedEntity.json"
    },
    {
      "$ref": "RelatedEntity_FVO.json"
    },
    {
      "$ref": "RelatedEntity_MVO.json"
    },
    {
      "$ref": "RelatedPartyRefOrPartyRoleRef.json"
    },
    {
      "$ref": "RelatedPartyRefOrPartyRoleRef_FVO.json"
    },
    {
      "$ref": "RelatedPartyRefOrPartyRoleRef_MVO.json"
    },
    {
      "$ref": "StatusChange.json"
    },
    {
      "$ref": "StatusChange_FVO.json"
    },
    {
      "$ref": "StatusChange_MVO.json"
    },
    {
      "$ref": "StringArrayCharacteristic.json"
    },
    {
      "$ref": "StringArrayCharacteristicValueSpecification.json"
    },
    {
      "$ref": "StringArrayCharacteristicValueSpecification_FVO.json"
    },
    {
      "$ref": "StringArrayCharacteristicValueSpecification_MVO.json"
    },
    {
      "$ref": "StringArrayCharacteristic_FVO.json"
    },
    {
      "$ref": "StringArrayCharacteristic_MVO.json"
    },
    {
      "$ref": "StringCharacteristic.json"
    },
    {
      "$ref": "StringCharacteristicValueSpecification.json"
    },
    {
      "$ref": "StringCharacteristicValueSpecification_FVO.json"
    },
    {
      "$ref": "StringCharacteristicValueSpecification_MVO.json"
    },
    {
      "$ref": "StringCharacteristic_FVO.json"
    },
    {
      "$ref": "StringCharacteristic_MVO.json"
    },
    {
      "$ref": "TimePeriod.json"
    },
    {
      "$ref": "TroubleTicket.json"
    },
    {
      "$ref": "TroubleTicketAttributeValueChangeEvent.json"
    },
    {
      "$ref": "TroubleTicketAttributeValueChangeEventPayload.json"
    },
    {
      "$ref": "TroubleTicketCreateEvent.json"
    },
    {
      "$ref": "TroubleTicketCreateEventPayload.json"
    },
    {
      "$ref": "TroubleTicketDeleteEvent.json"
    },
    {
      "$ref": "TroubleTicketDeleteEventPayload.json"
    },
    {
      "$ref": "TroubleTicketInformationRequiredEvent.json"
    },
    {
      "$ref": "TroubleTicketInformationRequiredEventPayload.json"
    },
    {
      "$ref": "TroubleTicketRef.json"
    },
    {
      "$ref": "TroubleTicketRef_FVO.json"
    },
    {
      "$ref": "TroubleTicketRef_MVO.json"
    },
    {
      "$ref": "TroubleTicketRelationship.json"
    },
    {
      "$ref": "TroubleTicketRelationship_FVO.json"
    },
    {
      "$ref": "TroubleTicketRelationship_MVO.json"
    },
    {
      "$ref": "TroubleTicketResolvedEvent.json"
    },
    {
      "$ref": "TroubleTicketResolvedEventPayload.json"
    },
    {
      "$ref": "TroubleTicketSpecification.json"
    },
    {
      "$ref": "TroubleTicketSpecificationAttributeValueChangeEvent.json"
    },
    {
      "$ref": "TroubleTicketSpecificationAttributeValueChangeEventPayload.json"
    },
    {
      "$ref": "TroubleTicketSpecificationCreateEvent.json"
    },
    {
      "$ref": "TroubleTicketSpecificationCreateEventPayload.json"
    },
    {
      "$ref": "TroubleTicketSpecificationDeleteEvent.json"
    },
    {
      "$ref": "TroubleTicketSpecificationDeleteEventPayload.json"
    },
    {
      "$ref": "TroubleTicketSpecificationRef.json"
    },
    {
      "$ref": "TroubleTicketSpecificationRef_FVO.json"
    },
    {
      "$ref": "TroubleTicketSpecificationRef_MVO.json"
    },
    {
      "$ref": "TroubleTicketSpecificationStatusChangeEvent.json"
    },
    {
      "$ref": "TroubleTicketSpecificationStatusChangeEventPayload.json"
    },
    {
      "$ref": "TroubleTicketSpecificationStatusExampleType.json"
    },
    {
      "$ref": "TroubleTicketSpecification_FVO.json"
    },
    {
      "$ref": "TroubleTicketSpecification_MVO.json"
    },
    {
      "$ref": "TroubleTicketStatusChangeEvent.json"
    },
    {
      "$ref": "TroubleTicketStatusChangeEventPayload.json"
    },
    {
      "$ref": "TroubleTicketStatusType.json"
    },
    {
      "$ref": "TroubleTicket_FVO.json"
    },
    {
      "$ref": "TroubleTicket_MVO.json"
    },
    {
      "$ref": "Error.json"
    },
    {
      "$ref": "Hub_FVO.json"
    },
    {
      "$ref": "Hub.json"
    },
    {
      "$ref": "JsonPatchOperations.json"
    }
  ]
}