{
  "type": "object",
  "description": "The polymorphic attributes @type, @schemaLocation & @referredType are related to the Attachment entity and not the AttachmentRefOrValue class itself",
  "oneOf": [
    {
      "$ref": "Attachment_FVO.json"
    },
    {
      "$ref": "AttachmentRef_FVO.json"
    }
  ],
  "discriminator": {
    "propertyName": "@type",
    "mapping": {
      "Attachment": "#/components/schemas/Attachment_FVO",
      "AttachmentRef": "#/components/schemas/AttachmentRef_FVO"
    }
  },
  "$schema": "http://json-schema.org/schema#"
}