{
  "allOf": [
    {
      "$ref": "EntityRef_FVO.json"
    },
    {
      "type": "object",
      "description": "Attachment reference. An attachment complements the description of an element (for instance a product) through video, pictures",
      "properties": {
        "description": {
          "type": "string",
          "description": "A narrative text describing the content of the attachment"
        },
        "url": {
          "description": "Link to the attachment media/content",
          "type": "string"
        }
      }
    }
  ],
  "discriminator": {
    "propertyName": "@type",
    "mapping": {
      "AttachmentRef": "#/components/schemas/AttachmentRef_FVO"
    }
  },
  "$schema": "http://json-schema.org/schema#",
  "type": "object"
}