{
  "type": "object",
  "description": "The polymorphic attributes @type, @schemaLocation & @referredType are related to the Attachment entity and not the AttachmentRefOrValue class itself",
  "oneOf": [
    {
      "$ref": "Attachment.json"
    },
    {
      "$ref": "AttachmentRef.json"
    }
  ],
  "discriminator": {
    "propertyName": "@type",
    "mapping": {
      "Attachment": "#/components/schemas/Attachment",
      "AttachmentRef": "#/components/schemas/AttachmentRef"
    }
  },
  "$schema": "http://json-schema.org/schema#"
}