{
  "allOf": [
    {
      "$ref": "Extensible.json"
    },
    {
      "type": "object",
      "description": "Another Characteristic that is related to the current Characteristic;",
      "properties": {
        "id": {
          "type": "string",
          "description": "Unique identifier of the characteristic"
        },
        "relationshipType": {
          "type": "string",
          "description": "The type of relationship"
        }
      }
    }
  ],
  "discriminator": {
    "propertyName": "@type",
    "mapping": {
      "CharacteristicRelationship": "#/components/schemas/CharacteristicRelationship_MVO"
    }
  },
  "$schema": "http://json-schema.org/schema#",
  "type": "object"
}