{
  "allOf": [
    {
      "$ref": "Extensible.json"
    },
    {
      "type": "object",
      "description": "Describes a given characteristic of an object or entity through a name/value pair.",
      "properties": {
        "id": {
          "type": "string",
          "description": "Unique identifier of the characteristic"
        },
        "name": {
          "type": "string",
          "description": "Name of the characteristic"
        },
        "valueType": {
          "type": "string",
          "description": "Data type of the value of the characteristic"
        },
        "characteristicRelationship": {
          "type": "array",
          "items": {
            "$ref": "CharacteristicRelationship_MVO.json"
          }
        }
      }
    }
  ],
  "discriminator": {
    "propertyName": "@type",
    "mapping": {
      "Characteristic": "#/components/schemas/Characteristic_MVO",
      "StringCharacteristic": "#/components/schemas/StringCharacteristic_MVO",
      "StringArrayCharacteristic": "#/components/schemas/StringArrayCharacteristic_MVO",
      "ObjectCharacteristic": "#/components/schemas/ObjectCharacteristic_MVO",
      "ObjectArrayCharacteristic": "#/components/schemas/ObjectArrayCharacteristic_MVO",
      "NumberCharacteristic": "#/components/schemas/NumberCharacteristic_MVO",
      "NumberArrayCharacteristic": "#/components/schemas/NumberArrayCharacteristic_MVO",
      "IntegerCharacteristic": "#/components/schemas/IntegerCharacteristic_MVO",
      "IntegerArrayCharacteristic": "#/components/schemas/IntegerArrayCharacteristic_MVO",
      "FloatCharacteristic": "#/components/schemas/FloatCharacteristic_MVO",
      "BooleanCharacteristic": "#/components/schemas/BooleanCharacteristic_MVO"
    }
  },
  "$schema": "http://json-schema.org/schema#",
  "type": "object"
}