{
  "allOf": [
    {
      "$ref": "Extensible_FVO.json"
    },
    {
      "type": "object",
      "description": "Describes a given characteristic of an object or entity through a name/value pair.",
      "properties": {
        "id": {
          "type": "string",
          "description": "Unique identifier of the characteristic"
        },
        "name": {
          "type": "string",
          "description": "Name of the characteristic"
        },
        "valueType": {
          "type": "string",
          "description": "Data type of the value of the characteristic"
        },
        "characteristicRelationship": {
          "type": "array",
          "items": {
            "$ref": "CharacteristicRelationship_FVO.json"
          }
        }
      },
      "required": [
        "name"
      ]
    }
  ],
  "discriminator": {
    "propertyName": "@type",
    "mapping": {
      "Characteristic": "#/components/schemas/Characteristic_FVO",
      "StringCharacteristic": "#/components/schemas/StringCharacteristic_FVO",
      "StringArrayCharacteristic": "#/components/schemas/StringArrayCharacteristic_FVO",
      "ObjectCharacteristic": "#/components/schemas/ObjectCharacteristic_FVO",
      "ObjectArrayCharacteristic": "#/components/schemas/ObjectArrayCharacteristic_FVO",
      "NumberCharacteristic": "#/components/schemas/NumberCharacteristic_FVO",
      "NumberArrayCharacteristic": "#/components/schemas/NumberArrayCharacteristic_FVO",
      "IntegerCharacteristic": "#/components/schemas/IntegerCharacteristic_FVO",
      "IntegerArrayCharacteristic": "#/components/schemas/IntegerArrayCharacteristic_FVO",
      "FloatCharacteristic": "#/components/schemas/FloatCharacteristic_FVO",
      "BooleanCharacteristic": "#/components/schemas/BooleanCharacteristic_FVO"
    }
  },
  "$schema": "http://json-schema.org/schema#",
  "type": "object"
}