{
  "allOf": [
    {
      "$ref": "Extensible.json"
    },
    {
      "type": "object",
      "description": "Indicates the contact medium that could be used to contact the party.",
      "properties": {
        "id": {
          "type": "string",
          "description": "Identifier for this contact medium."
        },
        "preferred": {
          "type": "boolean",
          "description": "If true, indicates that is the preferred contact medium"
        },
        "contactType": {
          "type": "string",
          "description": "Type of the contact medium to qualifiy it like pro email / personal email. This is not used to define the contact medium used."
        },
        "validFor": {
          "$ref": "TimePeriod.json"
        }
      }
    }
  ],
  "discriminator": {
    "propertyName": "@type",
    "mapping": {
      "ContactMedium": "#/components/schemas/ContactMedium",
      "PhoneContactMedium": "#/components/schemas/PhoneContactMedium",
      "GeographicAddressContactMedium": "#/components/schemas/GeographicAddressContactMedium",
      "FaxContactMedium": "#/components/schemas/FaxContactMedium",
      "EmailContactMedium": "#/components/schemas/EmailContactMedium"
    }
  },
  "$schema": "http://json-schema.org/schema#",
  "type": "object"
}