{
  "allOf": [
    {
      "$ref": "Extensible.json"
    },
    {
      "$ref": "Addressable.json"
    },
    {
      "type": "object",
      "description": "Entity reference schema to be use for all entityRef class.",
      "properties": {
        "id": {
          "type": "string",
          "description": "The identifier of the referred entity."
        },
        "href": {
          "type": "string",
          "description": "The URI of the referred entity."
        },
        "name": {
          "type": "string",
          "description": "Name of the referred entity."
        },
        "@referredType": {
          "type": "string",
          "description": "The actual type of the target instance when needed for disambiguation."
        }
      },
      "required": [
        "id"
      ]
    }
  ],
  "$schema": "http://json-schema.org/schema#",
  "type": "object"
}