{
  "allOf": [
    {
      "$ref": "Extensible.json"
    },
    {
      "type": "object",
      "description": "event with common attributes.",
      "properties": {
        "href": {
          "type": "string",
          "description": "Hyperlink reference"
        },
        "id": {
          "type": "string",
          "description": "unique identifier"
        },
        "correlationId": {
          "type": "string",
          "description": "The correlation id for this event."
        },
        "domain": {
          "type": "string",
          "description": "The domain of the event."
        },
        "title": {
          "type": "string",
          "description": "The title of the event."
        },
        "description": {
          "type": "string",
          "description": "An explnatory of the event."
        },
        "priority": {
          "type": "string",
          "description": "A priority."
        },
        "timeOccurred": {
          "type": "string",
          "format": "date-time",
          "description": "The time the event occurred."
        },
        "source": {
          "$ref": "EntityRef_FVO.json"
        },
        "reportingSystem": {
          "$ref": "EntityRef_FVO.json"
        },
        "relatedParty": {
          "type": "array",
          "items": {
            "$ref": "RelatedPartyRefOrPartyRoleRef_FVO.json"
          }
        },
        "analyticCharacteristic": {
          "type": "array",
          "items": {
            "$ref": "Characteristic_FVO.json"
          }
        },
        "eventId": {
          "type": "string",
          "description": "The identifier of the notification."
        },
        "eventTime": {
          "type": "string",
          "format": "date-time",
          "description": "Time of the event occurrence."
        },
        "eventType": {
          "type": "string",
          "description": "The type of the notification."
        },
        "event": {
          "description": "The event linked to the involved resource object",
          "type": "object"
        }
      },
      "required": [
        "eventId",
        "eventTime",
        "eventType",
        "event"
      ]
    }
  ],
  "$schema": "http://json-schema.org/schema#",
  "type": "object"
}