{
  "type": "object",
  "description": "Base Extensible schema for use in TMForum Open-APIs - When used for in a schema it means that the Entity described by the schema  MUST be extended with the @type",
  "properties": {
    "@type": {
      "type": "string",
      "description": "When sub-classing, this defines the sub-class Extensible name"
    },
    "@baseType": {
      "type": "string",
      "description": "When sub-classing, this defines the super-class"
    },
    "@schemaLocation": {
      "type": "string",
      "description": "A URI to a JSON-Schema file that defines additional attributes and relationships"
    }
  },
  "required": [
    "@type"
  ],
  "$schema": "http://json-schema.org/schema#"
}