{
  "allOf": [
    {
      "$ref": "CharacteristicValueSpecification_MVO.json"
    },
    {
      "type": "object",
      "description": "A specification for a characteristic for which the value is a number array of format floating point",
      "properties": {
        "value": {
          "type": "array",
          "items": {
            "type": "number",
            "format": "float"
          }
        }
      }
    }
  ],
  "$schema": "http://json-schema.org/schema#",
  "type": "object"
}