{
  "type": "object",
  "description": "Sets the communication endpoint address the service instance must use to deliver notification information",
  "allOf": [
    {
      "$ref": "Entity.json"
    },
    {
      "properties": {
        "id": {
          "type": "string",
          "description": "Id of the listener"
        },
        "callback": {
          "type": "string",
          "description": "The callback being registered."
        },
        "query": {
          "type": "string",
          "description": "additional data to be passed"
        }
      },
      "required": [
        "callback"
      ]
    }
  ],
  "$schema": "http://json-schema.org/schema#"
}