{
  "type": "object",
  "description": "Sets the communication endpoint address the service instance must use to deliver notification information",
  "required": [
    "callback"
  ],
  "allOf": [
    {
      "$ref": "Extensible.json"
    },
    {
      "properties": {
        "callback": {
          "type": "string",
          "description": "The callback being registered."
        },
        "query": {
          "type": "string",
          "description": "additional data to be passed"
        }
      }
    }
  ],
  "$schema": "http://json-schema.org/schema#"
}