{
  "allOf": [
    {
      "$ref": "CharacteristicValueSpecification_MVO.json"
    },
    {
      "type": "object",
      "description": "A specification for a characteristic for which the value is an array of mapped objects",
      "properties": {
        "value": {
          "type": "array",
          "items": {
            "type": "object",
            "properties": {
              "value": {
                "type": "object",
                "additionalProperties": {
                  "type": "object"
                }
              }
            }
          }
        }
      }
    }
  ],
  "$schema": "http://json-schema.org/schema#",
  "type": "object"
}