{
  "allOf": [
    {
      "$ref": "CharacteristicValueSpecification.json"
    },
    {
      "type": "object",
      "description": "A specification for a characteristic for which the value is a mapped object",
      "properties": {
        "value": {
          "type": "object",
          "additionalProperties": {
            "type": "object"
          },
          "description": "Value of the characteristic"
        }
      }
    }
  ],
  "$schema": "http://json-schema.org/schema#",
  "type": "object"
}