{
  "allOf": [
    {
      "$ref": "Extensible.json"
    },
    {
      "type": "object",
      "description": "Holds the status, reasons and associated date the status changed, populated by the server",
      "properties": {
        "statusChangeDate": {
          "type": "string",
          "format": "date-time",
          "description": "The date and time the status changed."
        },
        "statusChangeReason": {
          "type": "string",
          "description": "The reason why the status changed."
        },
        "status": {
          "$ref": "TroubleTicketStatusType.json"
        }
      }
    }
  ],
  "discriminator": {
    "propertyName": "@type",
    "mapping": {
      "StatusChange": "#/components/schemas/StatusChange"
    }
  },
  "$schema": "http://json-schema.org/schema#",
  "type": "object"
}