{
  "type": "object",
  "description": "A period of time, either as a deadline (endDateTime only) a startDateTime only, or both",
  "properties": {
    "startDateTime": {
      "description": "Start of the time period, using IETC-RFC-3339 format",
      "type": "string",
      "format": "date-time",
      "example": "1985-04-12T23:20:50.52Z"
    },
    "endDateTime": {
      "description": "End of the time period, using IETC-RFC-3339 format",
      "type": "string",
      "format": "date-time",
      "example": "1985-04-12T23:20:50.52Z"
    }
  },
  "$schema": "http://json-schema.org/schema#"
}