{
  "allOf": [
    {
      "$ref": "Entity.json"
    },
    {
      "type": "object",
      "description": "A trouble ticket is a record of an issue that is created, tracked, and managed by a trouble ticket management system",
      "properties": {
        "name": {
          "type": "string",
          "description": "Name of the trouble ticket, typically a short description provided by the user that create the ticket"
        },
        "description": {
          "type": "string",
          "description": "Description of the trouble or issue"
        },
        "severity": {
          "type": "string",
          "description": "The severity of the issue. Indicate the implication of the issue on the expected functionality e.g. of a system, application, service etc.. \nSeverity values can be for example : Critical, Major, Minor"
        },
        "ticketType": {
          "type": "string",
          "description": "represent a business type of the trouble ticket e.g. incident, complain, request"
        },
        "attachment": {
          "type": "array",
          "items": {
            "$ref": "AttachmentRefOrValue.json"
          },
          "description": "File(s) attached to the trouble ticket. e.g. pictur of broken device, scaning of a bill or charge"
        },
        "channel": {
          "$ref": "ChannelRef.json"
        },
        "creationDate": {
          "type": "string",
          "format": "date-time",
          "description": "The date on which the trouble ticket was created"
        },
        "requestedResolutionDate": {
          "type": "string",
          "format": "date-time",
          "description": "The resolution date requested by the user"
        },
        "expectedResolutionDate": {
          "type": "string",
          "format": "date-time",
          "description": "The expected resolution date determined by the trouble ticket system"
        },
        "resolutionDate": {
          "type": "string",
          "format": "date-time",
          "description": "The date and time the trouble ticket was resolved"
        },
        "externalIdentifier": {
          "type": "array",
          "items": {
            "$ref": "ExternalIdentifier.json"
          }
        },
        "lastUpdate": {
          "type": "string",
          "format": "date-time",
          "description": "The date and time that the trouble ticket was last updated"
        },
        "note": {
          "type": "array",
          "items": {
            "$ref": "Note.json"
          },
          "description": "The note(s) that are associated to the ticket."
        },
        "priority": {
          "type": "string",
          "description": "The priority of the trouble ticket and how quickly the issue should be resolved. Example: Critical, High, Medium, Low. The value is set by the ticket management system considering the severity, ticket type etc..."
        },
        "relatedEntity": {
          "type": "array",
          "items": {
            "$ref": "RelatedEntity.json"
          },
          "description": "An entity that is related to the ticket such as a bill, a product, etc. The entity against which the ticket is associated."
        },
        "relatedParty": {
          "type": "array",
          "items": {
            "$ref": "RelatedPartyRefOrPartyRoleRef.json"
          },
          "description": "The related party(ies) that are associated to the ticket."
        },
        "status": {
          "$ref": "TroubleTicketStatusType.json"
        },
        "statusChangeDate": {
          "type": "string",
          "format": "date-time",
          "description": "The date and time the status changed."
        },
        "statusChangeReason": {
          "type": "string",
          "description": "The reason for changing the status"
        },
        "statusChangeHistory": {
          "type": "array",
          "items": {
            "$ref": "StatusChange.json"
          },
          "description": "The status change history that are associated to the ticket. Populated by the server"
        },
        "troubleTicketRelationship": {
          "type": "array",
          "items": {
            "$ref": "TroubleTicketRelationship.json"
          },
          "description": "A list of trouble ticket relationships (TroubleTicketRelationship [*]). Represents a relationship between trouble tickets"
        },
        "troubleTicketSpecification": {
          "$ref": "TroubleTicketSpecificationRef.json"
        },
        "troubleTicketCharacteristic": {
          "type": "array",
          "items": {
            "$ref": "Characteristic.json"
          },
          "description": "List of characteristics of the trouble ticket"
        }
      }
    }
  ],
  "discriminator": {
    "propertyName": "@type",
    "mapping": {
      "TroubleTicket": "#/components/schemas/TroubleTicket"
    }
  },
  "$schema": "http://json-schema.org/schema#",
  "type": "object"
}