{
  "allOf": [
    {
      "$ref": "Event.json"
    },
    {
      "type": "object",
      "description": "TroubleTicketCreateEvent generic structure",
      "properties": {
        "event": {
          "$ref": "TroubleTicketCreateEventPayload.json"
        }
      }
    }
  ],
  "discriminator": {
    "propertyName": "@type",
    "mapping": {
      "TroubleTicketCreateEvent": "#/components/schemas/TroubleTicketCreateEvent"
    }
  },
  "$schema": "http://json-schema.org/schema#",
  "type": "object"
}