{
  "allOf": [
    {
      "$ref": "Entity_FVO.json"
    },
    {
      "type": "object",
      "description": "TroubleTicketSpecification defines the common attributes and relationships of a set of related trouble tickets, while trouble ticket defines a specific instance that is based on a particular trouble ticket specification.",
      "properties": {
        "name": {
          "type": "string",
          "description": "Name given to the specification"
        },
        "description": {
          "type": "string",
          "description": "Description of the specification"
        },
        "lifecycleStatus": {
          "type": "string",
          "description": "Used to indicate the current lifecycle status of this specification such as inDesign,active,rejected,retired"
        },
        "specCharacteristic": {
          "type": "array",
          "description": "List of characteristics that the entity can take",
          "items": {
            "$ref": "CharacteristicSpecification_FVO.json"
          }
        },
        "relatedParty": {
          "type": "array",
          "description": "Parties who manage or otherwise have an interest in this specification",
          "items": {
            "$ref": "RelatedPartyRefOrPartyRoleRef_FVO.json"
          }
        },
        "validFor": {
          "$ref": "TimePeriod.json"
        },
        "version": {
          "type": "string",
          "description": "The version of the trouble ticket specification, in case it is desired to maintain multiple versions of trouble ticket specifications"
        }
      },
      "required": [
        "name"
      ]
    }
  ],
  "discriminator": {
    "propertyName": "@type",
    "mapping": {
      "TroubleTicketSpecification": "#/components/schemas/TroubleTicketSpecification_FVO"
    }
  },
  "$schema": "http://json-schema.org/schema#",
  "type": "object"
}