{
  "allOf": [
    {
      "$ref": "EntityRef.json"
    },
    {
      "type": "object",
      "description": "Represents a relationship between trouble tickets",
      "properties": {
        "id": {
          "type": "string",
          "description": "Unique identifier of the related trouble ticket"
        },
        "name": {
          "type": "string",
          "description": "Name of the trouble ticket"
        },
        "relationshipType": {
          "type": "string",
          "description": "Type of relationship"
        }
      }
    }
  ],
  "discriminator": {
    "propertyName": "@type",
    "mapping": {
      "TroubleTicketRelationship": "#/components/schemas/TroubleTicketRelationship_MVO"
    }
  },
  "$schema": "http://json-schema.org/schema#",
  "type": "object"
}