{
  "allOf": [
    {
      "$ref": "EntityRef.json"
    },
    {
      "type": "object",
      "description": "reference to an TroubleTicketSpecification object",
      "properties": {
        "version": {
          "type": "string",
          "description": "The version of the trouble ticket specification, in case it is desired to maintain multiple versions of trouble ticket specifications"
        }
      }
    }
  ],
  "discriminator": {
    "propertyName": "@type",
    "mapping": {
      "TroubleTicketSpecificationRef": "#/components/schemas/TroubleTicketSpecificationRef_MVO"
    }
  },
  "$schema": "http://json-schema.org/schema#",
  "type": "object"
}